1,Harold Anderson,60,9702.86
2,Barbara Barnes,52,9518.61
3,Willie Schmidt,60,5468.56
4,Tonya Kelly,19,5761.71
5,Anthony Cervantes,42,5268.9
6,Barbara Sawyer,28,6873.41
7,Troy Holmes,22,6566.39
8,Katherine Melton,34,288.16
9,Henry Esparza,41,6787.02
10,Joseph Brooks,36,5752.57
11,Amber Norman,18,8781.27
12,Joel Anderson,29,1513.11
13,Lori Harris,37,8592.38
14,Michael Spencer,56,4425.51
15,Victoria Patel,44,5576.09
16,Kimberly Jackson,18,4041.02
17,Franklin Mendoza,58,4935.36
18,Todd Hines,58,2396.34
19,Charles Curtis,50,2776.53
20,Patrick Espinoza,49,6941.54
21,Brianna Santos,56,9129.94
22,Steven Clay,71,8798.69
23,Kimberly Holt,56,1632.18
24,Colleen Miller,70,7401.43
25,Christopher Mills,61,4923.84
26,Chad Carter,72,4052.65
27,Wayne Anthony,26,434.26
28,Kathryn Mitchell MD,47,7781.59
29,Kayla Johnson,55,986.65
30,Sandra Moses,22,7855.2
31,Amanda Hall,32,6208.7
32,Melanie Anderson,72,6039.68
33,Thomas Gonzalez,47,2918.79
34,Juan Swanson,51,6297.61
35,Jennifer Elliott,78,7694.62
36,Danny Williams,50,982.47
37,Nicholas Bruce,73,3689.58
38,Mark Pearson,76,8021.18
39,Erica Wood,25,2299.99
40,Andrea Freeman,27,7647.26
41,Autumn Henry,67,950.99
42,Sheila Pugh,40,8500.85
43,Todd Mitchell,65,6224.27
44,Jessica Hanson,20,5958.37
45,Randall Rivera,48,2908.89
46,Lisa Pena,79,347.66
47,Gwendolyn Poole,38,531.72
48,Noah Murphy,34,9002.05
49,Brianna Medina,24,1543.42
50,Ronald Cox,38,9849.87
51,Jeffrey Gill,18,5403.47
52,Katherine Simmons DDS,35,183.09
53,Cynthia Lloyd,60,3714.05
54,Tiffany Johnson,62,6525.8
55,Tammy Webb,65,5896.56
56,Stacey Allen,38,7164.38
57,Christopher Brown,30,8994.68
58,Heather White,59,1955.55
59,Howard Stone,34,6711.52
60,William Schneider,62,8707.66
61,Joel Ochoa,52,7592.5
62,Corey Graham,34,3028.29
63,Joshua Kelly,58,6522.84
64,Denise White,41,6572.66
65,Amy Green,42,5208.9
66,Rodney Lewis,76,3807.31
67,Denise Randolph,26,8968.03
68,Todd Mcdowell,19,6808.14
69,Kathleen Cruz,41,8198.6
70,Leslie Howard,35,5422.82
71,Elizabeth Carpenter,53,7719.99
72,Erika Dominguez,69,3479.3
73,Hector Lloyd,18,838.89
74,Michael Evans,80,7817.0
75,Stephanie Gonzalez,20,4843.21
76,Brendan Williams,70,6972.68
77,Amanda Frank,20,2718.29
78,Megan Campbell,48,324.47
79,Laura Palmer,32,2017.8
80,Benjamin Marquez,69,5540.8
81,Sarah Perkins,57,1398.37
82,Alexandria Brown,40,6253.9
83,Yvonne Spencer,47,9127.37
84,Mariah Browning,45,4763.91
85,Shawn Miller,28,5365.71
86,Benjamin Gregory,47,4678.17
87,Tamara Hess DDS,21,2579.79
88,Alexander Mercado,37,5534.32
89,Allen Moore,26,6490.59
90,Jacqueline Shields,50,7816.7
91,Denise Maxwell,60,3074.59
92,Gabrielle Johnston,75,3795.2
93,Gabriel Compton,42,8513.73
94,Mrs. Lisa Lewis,22,573.91
95,Scott Bishop,64,4079.81
96,Jennifer Williams,34,8637.8
97,Leslie Wilson,37,9928.58
98,Heather Galloway,25,3755.36
99,Seth Schneider,46,2359.19
100,Ashley King,54,525.53
101,Karen Acosta,44,9312.31
102,Rebecca Austin,80,9328.66
103,Megan Smith,35,1610.22
104,Julia Maldonado,26,3127.3
105,Michael Taylor,27,9915.93
106,Jose Rose,72,1968.52
107,Sheri Holmes,54,1810.44
108,William Morales,29,9667.34
109,Adam Rodriguez,25,4514.98
110,Scott Hamilton,47,2627.16
111,Michael Garcia,77,523.92
112,Vanessa Mccann,57,9553.1
113,Katherine Martin,36,8223.63
114,Tommy Mueller,27,5850.26
115,Brandon Huerta,60,4821.81
116,Brittany Boyd,28,4151.54
117,Kristi Miller,78,5167.36
118,Andrea Berg,21,396.92
119,Michael Norris,50,9133.29
120,Mr. Shawn Johnson,63,6862.26
121,Stephanie Green,27,1285.03
122,Lori Bernard,77,4398.92
123,James Richardson,77,6616.81
124,Christopher Stewart,63,4089.21
125,Angela Valdez,58,1234.78
126,Michele Rose,45,2397.78
127,William Williams,73,6380.77
128,Kristine Flowers,34,6328.89
129,Jerry Williams,45,5655.14
130,Tracy Moon,26,2139.86
131,Brandon Frey,36,4038.72
132,Cynthia Diaz,59,4851.35
133,Carla Washington,60,6573.49
134,Harry Ballard,62,9392.12
135,Amanda Smith,56,4119.62
136,Robert Cantrell,72,1865.87
137,Justin Elliott,60,1537.08
138,Bonnie Chandler,49,2785.26
139,Edgar Davis,61,761.34
140,Pamela Peters,51,6977.3
141,Alexander Daniel,39,9562.56
142,Regina Andrews,57,8010.58
143,Roger Grant,77,218.51
144,Tyler Wolf,66,6982.32
145,Ashley Whitaker,64,8465.62
146,Norma Allen,54,6834.58
147,Kimberly Harrison,59,6637.22
148,Chris Morton,22,7120.28
149,William Roberts,48,8404.9
150,Laura Long,34,3453.58
151,Lisa Anderson,19,7669.09
152,Michelle Matthews,59,1615.65
153,Kathleen Andersen,69,9486.02
154,Kristin Sweeney,19,7186.02
155,Ethan Rodriguez,51,6860.26
156,Dennis Scott,33,9512.14
157,Evelyn Jordan,64,8145.44
158,Anthony Graham,72,9145.52
159,Thomas Collins,80,5905.89
160,Brian Washington,35,7332.8
161,Tammy Hernandez,28,6847.99
162,Larry Brown,27,4471.06
163,William Jimenez,23,529.92
164,Mrs. Brianna Tanner,29,5514.39
165,Taylor Lewis,74,3539.44
166,Jessica Reynolds,53,709.88
167,Phillip Coleman,79,1142.41
168,Alexander Stephens,68,9322.64
169,Timothy Frazier,38,7853.1
170,Douglas Marshall,56,8666.01
171,Ryan Castaneda,47,4637.58
172,Amanda Harris,38,9391.28
173,Tiffany Hernandez,74,6730.89
174,Jordan Lewis,74,7692.08
175,Adrian Cox,57,6039.12
176,Laura Little,75,6862.42
177,Jennifer Brown,27,1892.7
178,Tiffany Rodriguez DVM,33,3392.55
179,Brian Henderson,57,6254.35
180,Ryan Salinas,26,8155.82
181,Maria Carson DVM,77,588.2
182,Walter Schmidt,77,2347.48
183,Megan Robinson,72,6089.65
184,Mary Moreno,62,4940.45
185,John Diaz,60,2711.35
186,Kayla Jones,76,866.46
187,Damon Moore,42,1025.29
188,Michelle White,51,2244.89
189,Scott Williams,77,5316.96
190,Tracy Matthews,67,243.51
191,Traci Fitzgerald,21,6877.71
192,Connie Allen,60,8719.42
193,Brooke Nelson,31,8771.11
194,Dennis Lewis,48,9139.98
195,Jennifer Webb,19,6762.15
196,Laurie Doyle,46,778.84
197,Eric Murray,20,7803.73
198,Douglas Wells,22,1946.06
199,April Wood,60,950.76
200,Jacob Dixon,44,7418.13
201,Eric Petersen,80,1762.39
202,Robert Christian,47,4692.94
203,Michael Russell,51,8728.49
204,Logan Love,29,6629.07
205,Matthew Moore,22,4989.97
206,Evan Williams,67,6223.36
207,Anthony Lawson,41,3992.42
208,Reginald Graves,56,3528.4
209,Christopher Kelly,62,8316.36
210,Seth White,59,2594.48
211,Robert Hoffman,28,4094.59
212,Michael Yang,38,3507.81
213,Taylor Smith,74,4942.95
214,Caleb Wilson,58,2701.41
215,Jennifer Peters,56,1684.05
216,James Rubio,25,9413.15
217,Laurie Hicks,57,9219.21
218,Crystal Crawford,51,664.68
219,Spencer Valenzuela,31,3964.44
220,Jimmy Clements,26,7059.78
221,Christina Harris,55,8753.58
222,Julie Vang,58,730.22
223,Michael Vazquez,61,8012.56
224,Manuel Moreno,74,1608.07
225,Kristy Harrison,61,5358.89
226,Donald Jones,61,5585.0
227,Jody Novak,66,1661.05
228,Paul Smith,21,4011.05
229,Scott Cook,37,3940.89
230,Lisa Vance,30,2709.18
231,Emily Clark,54,6922.54
232,Patricia Fernandez,21,4105.07
233,Logan Morgan,79,3768.18
234,Glenn Reed,23,4435.08
235,Norman Kelly,30,2819.87
236,Allison Mann,21,1353.94
237,Jason Brown,29,3331.37
238,Chris Tucker,35,1855.74
239,Hannah Dougherty,54,6516.6
240,Sandra Chapman,25,8613.25
241,Julie Douglas,50,8615.28
242,Mariah Alexander,20,8331.45
243,Tyrone Ross,50,5856.97
244,Diane Gibson,47,2518.74
245,Sherry Pierce,38,2567.04
246,Bradley Barber,60,1685.19
247,Dylan Lee,34,8114.04
248,Brian Woodard,64,6046.69
249,Thomas Benton,63,5101.26
250,Cynthia Alvarez,35,2893.98
251,Richard Adkins,30,8388.08
252,Timothy Jones,63,6864.12
253,Barry Jones,48,6048.28
254,Garrett Spence,29,9585.51
255,Christopher Campbell,28,6004.87
256,Michelle Mercer,58,2029.11
257,Leah Gray,49,9840.3
258,Faith Williams,78,3297.88
259,Jessica Greene,76,826.67
260,Matthew Gill,58,7174.41
261,Jesse Hicks,77,3281.42
262,Vanessa Morgan,70,4083.71
263,Keith Gregory,73,8150.95
264,Susan Gutierrez,27,4666.77
265,Joseph Willis,62,6112.79
266,Sean Baxter,70,2057.56
267,Christina Anderson,75,2701.59
268,Jennifer Morales,52,1375.9
269,Jerry Allen,71,2693.46
270,Michelle Hunt,42,1328.3
271,Micheal Humphrey,78,9886.95
272,Dr. Andrew Morales,37,6686.11
273,Thomas Davidson,43,8513.97
274,Jeffery Jenkins,77,9699.11
275,Sharon Ryan,32,9566.85
276,Bonnie Harvey,31,3500.93
277,Jeremy Gutierrez,51,5591.55
278,Maria Vega,31,7870.68
279,Jennifer Parsons,55,3808.93
280,Joshua Elliott,22,7598.57
281,Andrew Wheeler,54,4804.2
282,Christian Joyce,54,8119.87
283,Mark Anthony,78,2634.11
284,John Price,18,1643.08
285,Brandy Vasquez,38,5710.62
286,Michael Evans,32,273.3
287,Michael Higgins,36,8223.96
288,Regina Knight,66,9997.6
289,Jacob Bowen,52,2078.13
290,Casey Griffin,60,3390.23
291,Alyssa Blair,68,4551.38
292,Charlotte Flowers,19,3557.64
293,Cindy Zuniga,69,354.06
294,Erin Olsen,73,4853.31
295,Matthew Avila,58,4168.79
296,Natalie Harrison,62,1479.8
297,Jacqueline Williams,63,9047.24
298,Virginia Johnson,66,1811.64
299,Robert Skinner,58,9240.03
300,Jeremy Bailey,18,4146.86
301,Michelle Obrien MD,62,5999.94
302,Pamela Coleman,77,8276.61
303,Amy Mitchell,24,6109.13
304,Mary Brown,55,2771.98
305,Heather Stanley,41,801.59
306,Daniel Collins,77,7804.61
307,Elizabeth Santiago,70,5764.22
308,William Cruz,66,3543.03
309,Sara James,76,7944.58
310,Angela Washington,24,5497.39
311,Travis Phillips,70,689.43
312,Sean Mckee,27,566.88
313,Melissa Dean,47,4101.49
314,Virginia Moore,35,4934.41
315,Nicholas Stephens,39,2048.46
316,Steven Mendoza,76,6166.2
317,Jasmine Grant,70,5195.46
318,Johnathan Cruz,65,6691.79
319,Sabrina Hernandez,19,3603.37
320,Rachel Hurst,20,822.4
321,Shawna Savage,66,7235.35
322,Ricardo Knight,47,3136.17
323,Kari Garcia,49,3738.32
324,Joel Rodriguez,54,1864.48
325,Jeremy Wallace,43,6652.77
326,Shaun Schmidt,77,3519.51
327,Christina Pitts,33,4756.57
328,Angela Foley,51,517.11
329,Alexis Kemp,20,5973.39
330,Melanie Shelton,80,5646.04
331,Andrew Liu,19,5447.33
332,Hector Miller,54,2399.88
333,Ryan Faulkner,28,8504.02
334,David Edwards,30,5427.64
335,Alexandra Collins,60,9427.76
336,Daniel Moss,22,8763.3
337,Gabrielle White,77,8349.07
338,Madison George,69,2702.12
339,Anthony Hubbard MD,28,397.91
340,Adam Barnes,30,8084.3
341,Jessica Hester,51,1251.62
342,Anthony Bell,65,7470.47
343,John Fleming,48,5420.21
344,Mark Caldwell,60,3732.1
345,Brittany Bush,30,2664.13
346,Karen Casey,20,9137.09
347,Catherine Moore,55,5808.39
348,Veronica Mitchell,49,1367.89
349,Tina Quinn,79,7127.21
350,Jose Haas,39,5099.33
351,Suzanne Mitchell,29,1371.36
352,Angela Kennedy,59,4576.6
353,Sean Schmidt,58,1477.59
354,Natalie Ware,55,1281.23
355,Brandon Parrish,47,504.74
356,Michael Houston,43,3851.27
357,Danielle Turner,19,4378.08
358,Gary Montgomery,32,7532.4
359,Joseph Frazier,39,4204.65
360,Robert Sloan,59,2181.67
361,Jessica Bishop,19,8120.9
362,Shawn Wright,55,3636.39
363,Kyle Vargas,71,2587.05
364,Kyle Conner,36,4458.39
365,Christopher Bishop MD,32,7975.63
366,Matthew Rodriguez,72,8708.95
367,Christopher Salinas,37,742.68
368,Sarah Mason,61,484.35
369,William York,24,7531.18
370,Thomas Wallace,47,3797.03
371,Tanya Taylor,50,9846.47
372,Christopher Holland,21,1227.67
373,Grace Hernandez,35,8398.49
374,Amanda Martinez,18,5175.01
375,James Lopez,70,8002.03
376,Mr. Steven Wilson III,66,1160.85
377,Christina Lowe,30,7472.16
378,Diana Davis,73,8632.85
379,Samantha Curtis,27,2615.11
380,Robert Martin,19,3494.51
381,Daniel Gibbs,71,9858.41
382,Ronnie Jackson,77,2830.21
383,Steven Walker,22,1670.08
384,Martin Stark,25,7307.6
385,Gary Myers,52,9615.91
386,Christopher Johnson,72,2189.04
387,Christopher Taylor,70,6335.77
388,Tiffany Crawford,49,8123.81
389,Chelsea Shannon,77,900.42
390,Ashley Herrera,20,377.99
391,Aaron Turner,27,6448.21
392,Amy Ramirez,74,1457.21
393,Christina Young,34,5549.95
394,Duane Griffith,56,5736.39
395,Leslie Hernandez DVM,59,6392.1
396,Jason Cochran,36,1727.43
397,Christian Rivera,66,3772.41
398,Colton Gonzalez,76,4038.99
399,Andrew Ayala,41,3375.83
400,Sara Petersen,56,5744.21
401,Amber Thomas,38,9771.98
402,Michael Johnson,58,2617.17
403,Lori Cruz,68,9999.83
404,Dr. Carla Robinson,27,6159.18
405,Dr. Shane Cox,69,4139.21
406,Steven White,26,4482.35
407,Melissa Waters,36,3307.43
408,Kathleen Mercer,79,462.91
409,Amanda Adams,48,8388.45
410,Wendy Key,62,8112.79
411,Sarah Horn DVM,77,7341.97
412,Jaclyn Delacruz,73,2181.53
413,Dawn Glover,21,9448.62
414,Jessica Nunez,49,252.33
415,Steve Boone,57,5473.8
416,Nicole Dixon,61,1264.44
417,Benjamin Bates,61,5220.74
418,Beth Kim,29,5202.96
419,Erin Douglas,62,254.24
420,Kendra Norton,68,7315.54
421,Andrew Porter,67,2748.25
422,Travis Lucero,59,5419.44
423,Cameron Rodriguez,57,2395.59
424,Steven Johnson,75,6968.78
425,Linda Wise,75,9294.66
426,James Arias,76,1994.32
427,Krista Rhodes,48,8345.47
428,Megan Fuller,68,1959.41
429,Joseph Morgan,37,9349.15
430,Greg Smith,65,7145.22
431,Leslie Johnson,18,2716.56
432,Shirley Kerr,35,7395.01
433,Stephen Clark,18,810.68
434,Monica Thompson,27,7916.99
435,Timothy Roberts,26,5694.08
436,Jenny Evans,45,5187.57
437,Ashley Barton,57,1242.56
438,Charles Drake,52,195.49
439,Isaac Johnson,43,2135.89
440,Cheryl Lawson,49,697.19
441,Michael Parker,32,9613.57
442,Mary Miller,75,8343.87
443,Ryan Russell,37,1957.79
444,Taylor Simmons,51,1407.64
445,Michael Lewis,32,6794.45
446,Andrea Howard,52,4442.2
447,Joseph Phillips,27,1741.19
448,Sheila Ryan,63,4410.95
449,Diana Martinez,48,8387.72
450,Brent Romero,35,8185.85
451,Breanna Montgomery,64,7118.76
452,Brian Long,33,6839.8
453,William Green,64,6946.81
454,Emily Williams,29,9553.89
455,Brandon White,38,6042.79
456,Charles Page,26,8147.87
457,Wendy Wright,77,9812.48
458,Samantha Roberts,51,8254.09
459,Brad Knight,77,2300.75
460,Shannon Ortiz,26,6779.32
461,Joshua Hall,53,2957.71
462,Susan Chapman,62,423.15
463,Kimberly Boyer,71,5044.85
464,Michelle Rodriguez,42,6956.77
465,Eric George,21,6568.02
466,Jennifer Thornton,60,6300.26
467,Christina Davis,71,8336.52
468,Shannon Moon,63,2391.46
469,Matthew Mitchell,75,4992.24
470,Hunter Ray,23,9362.68
471,Casey Lewis,23,6280.33
472,Ronnie Blackburn,29,2819.49
473,Tracy Short,21,6442.84
474,Marc Berger,48,8958.25
475,Kimberly Lee,57,6617.74
476,Caroline Stevens,67,4102.33
477,Jose Blackwell,45,7873.52
478,Stephen Sharp,39,1103.08
479,Matthew Barber,67,1167.56
480,James Hall,67,7212.19
481,Christopher Smith,48,2611.53
482,Logan Anderson,77,6985.76
483,Nichole Reyes,63,7369.54
484,Joshua Hernandez,78,9705.59
485,Nicole May,48,2065.8
486,Kerry Herrera,55,7307.6
487,Stacey Aguilar,50,7161.51
488,Ryan Powell,27,9262.72
489,Amy Knight,21,4881.65
490,Kenneth Mcgee,69,2111.86
491,David Cobb,55,3747.76
492,Michael Wood,48,7823.52
493,Blake Blackwell,36,967.54
494,Mary Chen,29,5798.44
495,Christy Olson,75,9549.08
496,Aimee Shepherd,56,8869.69
497,Laura Becker,67,6690.19
498,Elizabeth Francis,31,9191.77
499,Stephanie Marquez,22,3328.16
500,Kevin Hicks,76,602.73
501,Andrea Crawford,65,9887.3
502,Kenneth Roberts,33,4923.78
503,Anthony Larson,59,1191.82
504,Jacob Hawkins,78,5335.21
505,Jessica Kirk,40,8478.92
506,Tammy Cline,22,3796.63
507,Michele Townsend,77,6557.91
508,Lindsey Velasquez,22,5333.76
509,Mitchell Williams,40,466.55
510,Barbara Ramirez,59,6235.31
511,John Davis,58,1755.32
512,Jennifer Stuart,53,8054.03
513,Devon Davis,28,1753.39
514,Patricia Porter,73,1685.13
515,Jeanne Ramsey,78,6589.17
516,Anthony Sanchez,53,9087.57
517,Jorge Jordan,50,1176.2
518,Jacob Spencer,35,7016.37
519,John Moore,54,4450.99
520,James Lane,51,8628.44
521,Angela Horton,33,7631.41
522,Patricia Martin,22,6395.67
523,Maria Sherman,74,2984.84
524,Brianna Carter,38,8946.12
525,Brandi Blevins,43,2284.82
526,Lee Rowland,63,4790.64
527,Ashley Pearson,62,6630.0
528,Michael Mcgee,70,2319.62
529,Sarah Garrison,53,5482.93
530,Jennifer Blankenship,73,3599.46
531,Janice Miller,57,5408.47
532,Tracy Payne,40,1825.41
533,Tyler Klein,41,7124.65
534,Jacqueline Oneill,26,501.14
535,Gina Mccarthy,65,1195.54
536,Vanessa Baker,79,6961.78
537,Sabrina Rasmussen,21,3390.31
538,Brad Donovan,47,5730.07
539,Jasmine Lynch,23,4177.02
540,James Wilson,79,4594.42
541,Alexandra Hernandez,72,4603.44
542,Brian Beck,29,3826.5
543,Courtney Garcia,56,8440.34
544,Anna Jones,51,7609.85
545,Zachary Graves,32,4448.49
546,Timothy Morales,32,1266.02
547,Gary Nash,39,899.97
548,Lee Greene Jr.,59,2587.81
549,William Bell,55,7360.11
550,Karen Bell,68,9424.17
551,Vicki Morris,78,4175.79
552,Jennifer Wall,67,560.03
553,Christina Williams,75,9385.73
554,Justin Mcfarland,34,6480.66
555,Anthony Kelly,57,8710.78
556,Natalie Hill,53,7358.71
557,Gina Hogan,20,1808.38
558,Heather Hancock,75,9963.56
559,Madison Watkins,65,4271.51
560,Philip Thompson,45,9783.74
561,Brett Solis,46,2912.84
562,Ronald Lane,58,2180.67
563,Melissa Dickson,23,7109.76
564,Ann Serrano,42,9096.93
565,Sheena Schmidt,26,424.99
566,Courtney Bradshaw,21,7116.84
567,Nathaniel Harrison,67,7187.63
568,Mrs. Diana Burton,57,6361.1
569,Stephanie Welch,27,6171.15
570,Jessica Perkins,55,8745.92
571,Amy Jackson,61,2056.35
572,Curtis Harmon,49,1078.75
573,Elizabeth Romero,60,7228.4
574,Michael Franklin,57,8802.05
575,Monica Walsh,71,1118.38
576,Walter Wright,74,9801.73
577,Robert Villegas,67,5877.77
578,Ashley Juarez,55,7615.19
579,Amanda Phillips,31,5129.33
580,Yvonne Peterson,78,9821.67
581,Regina Hood,67,9113.21
582,Angel Gonzales,67,8998.38
583,David Smith,43,6054.46
584,Gregory Hodges,80,1253.29
585,Jessica Werner,26,7460.67
586,Christopher Harrell,46,4303.56
587,Albert Charles,68,4607.89
588,Travis Hunter,30,4971.94
589,Debra Hudson,23,8905.96
590,Phillip York,65,3434.12
591,Adam Waters,72,3881.34
592,Heather Wall,49,7105.0
593,Michelle Mcintyre,67,5368.55
594,Miss Holly Campos,33,428.86
595,Marvin Torres,51,1031.39
596,Elaine Huffman,51,7278.08
597,Mary Smith,49,3134.81
598,Kim Booker,31,6586.73
599,Shane Browning,30,5705.16
600,Melanie Lowery,76,1265.35
601,Mr. Clinton Grimes III,56,1728.62
602,Annette King,27,1926.79
603,Brittany Hull,67,4203.35
604,Angela Jones,75,8193.91
605,Adam Anderson,69,9022.59
606,James Castro,47,4503.74
607,Kayla Mills,73,5062.92
608,James Sanchez,38,7463.51
609,Laurie Lopez PhD,30,7522.63
610,Erik Guzman,78,6125.32
611,Mark Parrish,75,6285.14
612,Mary Hall,28,1183.85
613,Kelly Shaw,37,1619.88
614,Crystal Anderson,34,2545.62
615,John Barnes,61,2839.24
616,Robert Bryant,71,8423.13
617,Terri Miller,50,8972.09
618,Kyle Baldwin,30,1697.57
619,Nicholas Peterson,77,2622.66
620,Mary Hernandez,67,540.57
621,David Simpson,51,8717.74
622,Kirk Rodriguez,18,7159.81
623,Robert Richards,54,408.05
624,Blake Roberts,52,2614.84
625,Karla Moore,20,3431.74
626,Michelle Montgomery,35,8031.23
627,Heidi Martin,20,2923.43
628,Sherri Bonilla,58,6663.95
629,Christina Smith,23,4484.62
630,Matthew Torres,67,5568.51
631,Kevin Martinez,31,7825.82
632,Summer Smith,21,7412.91
633,James Warren,43,9225.8
634,Robert Giles,77,3957.36
635,Leonard Foster,23,5298.86
636,Ashley Medina,62,3480.98
637,John Wu,61,3199.38
638,Desiree Campbell,28,6122.78
639,Nicole Perez,71,7019.92
640,Andre York,59,2790.2
641,Anne James,25,6662.93
642,Mason Watkins,64,4795.54
643,Margaret Hicks,26,7737.19
644,Ashley Snow,32,5532.0
645,Melissa Hayden,58,3272.67
646,Dana Moore,20,2396.6
647,Elizabeth Taylor,52,4691.38
648,Dennis Hines,20,9673.8
649,Tonya Wall,30,9241.26
650,Christian Larson,66,1324.33
651,Christine Williams,21,8899.5
652,Andrew Henson,72,7527.03
653,Courtney Simpson,66,3959.79
654,Carrie Anderson,31,2316.86
655,David Frank,35,2803.17
656,Jacob Nunez,66,8377.88
657,Tina Ritter,68,9095.75
658,Harold Ward,23,4274.32
659,Stephen Fisher,24,8979.14
660,Alexandra Campbell,42,1767.93
661,Jennifer Strong,79,9211.65
662,Rachel Spence MD,61,383.02
663,Randy Johnson,55,3019.19
664,John Mayer,42,6529.27
665,Darryl Powell,55,3509.12
666,Maurice Burnett,65,5656.2
667,Christine Tate,40,6093.18
668,Isabel Jenkins PhD,34,7021.9
669,Angela Rowe MD,18,9366.17
670,Michael Wood,39,4310.42
671,Ricky Reed,71,1970.83
672,Andrew Ellis,35,7562.04
673,Kimberly Bonilla,73,287.92
674,Amy Hunter,54,7012.84
675,Michelle Townsend,35,4421.81
676,Joshua Jones,74,6224.98
677,Becky Reed,64,2145.21
678,Isaiah Stuart,73,9440.72
679,Cynthia Daniels,43,5939.58
680,Henry Rodriguez,67,7286.51
681,Angela Smith,29,3609.35
682,Audrey Myers,57,5543.0
683,Anita Henry,73,2497.67
684,Tiffany Dominguez,43,1599.6
685,Kathleen Collins,35,5571.63
686,Michael Schultz,64,4137.37
687,Kevin Rios,54,3645.97
688,Andrea Keith,49,9741.3
689,John Martinez,45,3789.53
690,Donna Rosales,62,5638.58
691,Brett Sullivan,39,4623.39
692,Lisa Davis,58,8282.17
693,Willie Palmer,52,1249.76
694,Andrea Mccann,51,7468.94
695,Phillip Willis,51,3463.95
696,Chase Fields,56,3297.3
697,Brenda Romero,50,9208.61
698,Ian Cooper,34,9277.92
699,Karen Rodriguez,37,5962.85
700,Mrs. Rebecca Hancock,30,6801.19
701,Stephen Sanchez,78,5463.55
702,Amanda Jones,44,7286.72
703,Dennis Williams,67,4540.2
704,Allen Gordon,54,8101.05
705,Anthony Larson,42,7590.54
706,Jennifer Smith,20,8243.61
707,Samantha Ortiz,45,1029.49
708,Zachary Davis,75,3760.2
709,Karen Murphy,64,6544.14
710,Anthony Jones,51,3331.65
711,Ashley Vargas,57,4550.34
712,Lance Clark,28,8834.46
713,Michael Fisher,47,4641.73
714,Mario Martin,32,6561.64
715,Charles Juarez,49,5504.27
716,Katherine Watson,50,6902.04
717,Kaylee Erickson,29,5754.89
718,Wanda Blackburn,60,8509.54
719,Edward Mcdonald,28,6422.49
720,Bradley Shaw,65,116.11
721,Robert Walsh,45,9514.65
722,Brenda Medina,38,5700.97
723,Angel Smith,56,9407.7
724,Courtney Miranda,69,2849.78
725,Jeffrey Williams,50,7022.38
726,Justin Morales,63,1992.33
727,Michael Bradley,62,5811.5
728,Francisco Griffin,19,7002.66
729,Ashley Bruce,46,8253.92
730,Emily Cunningham,79,9499.06
731,Claudia Nunez,30,5477.48
732,Jack Smith,24,3524.16
733,Scott Scott,54,9029.25
734,Ashley Baxter,31,1222.25
735,Phillip Curtis,59,7949.0
736,Adrian Ward,44,7514.41
737,Deborah Wilson,57,6090.6
738,David Snyder,31,3846.88
739,Lisa Hodge,58,2343.84
740,Timothy Brandt,26,1281.24
741,Joseph Leonard,43,6643.41
742,Tracey Newton,38,7591.01
743,Elizabeth Johnson,42,7671.17
744,Jason Gonzalez,43,5246.58
745,David Smith,36,3395.62
746,Angelica Torres,72,4972.69
747,Patricia Doyle,48,6853.58
748,Cheyenne Nelson,64,9674.33
749,Daniel Sawyer,67,5771.53
750,Jennifer Sullivan,62,7430.93
751,Bradley Bailey,29,5114.16
752,Kathy Chang,55,3932.04
753,Lisa Harris,33,7895.74
754,Victoria Nguyen,22,9028.76
755,Brady Hopkins,22,3051.26
756,Alexis Sharp,65,6634.74
757,Jennifer Farmer,28,4874.77
758,Victor Webb,48,4606.7
759,Jenny White,75,9142.77
760,Meghan Trevino,25,8430.71
761,Jason Johnson,53,9887.87
762,Lisa Reeves,68,9615.11
763,William Norton,45,8914.06
764,Robert Lindsey,23,2566.81
765,William Walker,39,2943.45
766,Jill Weeks,78,1857.42
767,Martin Griffin,74,3000.84
768,Dennis Jackson,70,9261.89
769,Molly Thomas,77,9081.27
770,Kristina Diaz DVM,47,3215.59
771,Laura Robles,64,3274.95
772,Danielle Pierce,45,968.37
773,Beth Allen,26,5796.05
774,Kristen Perez,68,2334.1
775,Tiffany Morgan,58,291.5
776,Caroline Brown,25,6303.83
777,Sharon Benson,68,1227.09
778,Aaron Jackson,25,9312.3
779,Mark Brown,26,4308.97
780,Natalie Austin,31,1572.82
781,Steven Oconnor,23,9113.99
782,Jasmine Lee,60,1763.53
783,Ashley Vega,52,6727.36
784,Melanie Johnson,61,8252.56
785,Jasmine Baird,73,2133.17
786,Thomas Solis,62,8347.06
787,Michael Wu,28,3152.08
788,Kristina Thomas,51,3224.57
789,Kimberly Daniels,43,319.83
790,Anthony Diaz,30,9496.24
791,Kaitlyn Kelly,40,680.14
792,Brandon Turner,50,6688.99
793,Stacy Rush,76,6401.9
794,Edward Lewis,64,7305.39
795,Andrew Kim,72,1491.8
796,Natalie White,50,8009.68
797,Charles Jarvis,48,9777.51
798,John Miller,25,8172.08
799,Lisa Richardson,80,1448.29
800,Ashley Reynolds,62,1469.29
801,Jennifer White,65,3681.74
802,Ray Davidson,64,6777.81
803,William Hall,47,243.71
804,Laura Garcia,43,8025.27
805,Alex Cook,52,1589.59
806,Jamie Francis,69,4213.13
807,Justin Spencer,39,3708.76
808,Kenneth Wood,70,6179.62
809,Christopher Morris,31,7044.86
810,Shelby White,73,7250.41
811,Alejandra Brown,69,6985.23
812,Catherine Farley,43,5769.83
813,Dr. Cassandra Hall,69,1432.33
814,Cynthia Bailey,21,5577.73
815,Emily Byrd,54,5661.66
816,Shawn Stokes,46,1688.45
817,Amy Foster,30,762.39
818,Terri Stokes,66,1453.51
819,Margaret Riley,19,7643.78
820,Anne Bell,33,6807.46
821,Jason Williams,64,6292.06
822,Heidi Schneider,55,1326.82
823,Donna Cameron,34,9482.81
824,Andrew Jacobson,35,9562.28
825,Thomas Bowers,53,8971.85
826,Susan Hendrix,27,847.12
827,Carmen Reynolds,57,1851.9
828,Ryan Harris,33,418.7
829,Audrey Hawkins,65,8459.74
830,David Blevins,36,806.77
831,Joanna Berry,62,9927.85
832,Anthony Parks,74,6718.68
833,Kimberly Johnson,20,9760.22
834,James Murray,48,4760.26
835,Kayla Thomas,53,8975.46
836,Suzanne King DDS,19,8730.7
837,Shawn Weaver,63,9443.34
838,Nicholas Fisher,18,105.37
839,Jamie Thompson DDS,58,1992.2
840,Christian Carroll,69,6086.69
841,Tyler Barnett,30,9469.56
842,Alison Moore,33,2830.92
843,Hunter Moore,74,3412.94
844,Christian Goodwin,21,7376.8
845,Angela Rogers,47,5838.7
846,James Cantu,47,1894.69
847,Janet Russo,70,8328.77
848,Ana Anderson,68,2378.76
849,Tracy Williams,46,7625.58
850,Adam Simpson,67,6457.94
851,Jonathan Collins,19,7904.56
852,Mary King,69,2406.18
853,Kenneth Hawkins,38,857.67
854,Stephanie Allen,22,6639.4
855,Deanna Robinson,62,7271.95
856,Kathleen Bennett,32,7898.1
857,Joseph Todd,40,7018.38
858,Dana Lucas,66,2887.94
859,Andrea Gross,74,7275.78
860,Margaret Moore,64,4609.57
861,Vanessa Lowe,20,6447.5
862,Darrell Caldwell,72,6782.96
863,Jeremy George,19,7998.16
864,Veronica Livingston,64,4271.47
865,Michael Francis,31,4479.83
866,Wendy Gross DDS,26,8310.22
867,Victor Vazquez,43,4121.16
868,Paul Hall,27,326.27
869,Dean Fox,38,6793.33
870,Kyle Rodriguez,22,5206.64
871,Timothy Thomas,38,204.65
872,Nicholas Silva,76,4851.05
873,Jake Nunez,20,8377.95
874,Timothy Lee,64,5195.41
875,Dr. Charles Williams DDS,63,5280.97
876,Rachel Clay,46,2092.08
877,Charles Espinoza,32,2544.52
878,Donna Esparza,21,3742.43
879,Mr. Jonathan Banks DVM,53,3856.91
880,Patrick Keller,76,2388.59
881,Rebecca Taylor,65,580.0
882,Tyrone Shaw,38,2332.01
883,Laura Ashley,60,4645.66
884,Nicole Oneal,36,4336.83
885,Sean Day,70,4237.08
886,Karl Eaton,55,5451.59
887,Sharon Smith,72,8039.6
888,Rhonda King,39,2050.41
889,Daniel Jones,56,2126.01
890,Kevin Robles,61,8162.07
891,Jeffrey Hanson,73,9484.5
892,Sandra Holden DVM,53,4653.86
893,Nichole Smith,29,5147.27
894,Elizabeth Hall,39,2893.5
895,Nicholas Woods,75,8059.51
896,Jordan Hodges,54,9142.96
897,Richard Elliott,32,1381.92
898,John Hall,68,7279.21
899,Danielle Lucas,76,2908.53
900,Emily Barrera,54,4708.02
901,Mrs. Tamara Williams,32,1003.63
902,Shannon Ferguson,46,7779.77
903,Judith Wright,78,2433.24
904,Logan Garcia,59,5186.64
905,Christopher Marsh,64,9219.34
906,Valerie Campbell,48,7510.84
907,Madison Barrett,64,3741.52
908,Edgar Hansen,59,4091.22
909,Theresa Smith,70,8869.92
910,Douglas Miller,75,8195.1
911,Aaron Lewis,44,9453.38
912,Mary Huynh,49,6086.99
913,Daniel Weiss,78,7182.23
914,Jennifer Cox,58,5436.65
915,Jonathan Johns,28,9938.8
916,Deborah Morgan,56,7177.97
917,Kevin Shelton,70,5276.66
918,Kimberly Franco,75,4625.83
919,Scott Jones,30,1907.35
920,Jesse Gray,26,5430.46
921,Jonathan Santiago,46,8194.45
922,Vincent Griffin,31,1600.25
923,Lucas Smith,63,8089.23
924,Susan Williams,38,6889.85
925,Shannon Orozco,79,5869.97
926,Dr. Yvette Phillips PhD,75,357.04
927,Rebecca Mendoza,21,8950.62
928,Russell Davis,21,8276.11
929,Margaret Scott,29,8875.19
930,Adam Fuller,22,3350.75
931,Timothy Powers,76,7048.54
932,Aaron Gilbert,24,9021.76
933,Julie Anderson,63,8121.37
934,David Thompson,28,149.56
935,Christopher Phillips,73,8449.36
936,Mary Smith,63,9635.72
937,David Monroe,55,1383.9
938,Amanda Wilson,58,3576.65
939,Jason Morris,20,1791.89
940,Luis Campos,75,4670.95
941,Sonya Miller,28,6952.8
942,Barbara Robertson,48,7576.85
943,Lisa Sanders,55,1492.56
944,Anita Harris,74,2164.31
945,John Hayes,68,2891.17
946,Mark Washington,62,1737.54
947,Megan Ramos,40,6001.36
948,Sara Brown,80,2805.89
949,Debra Hicks,38,2656.77
950,Sharon Jones,30,1271.01
951,Sharon Martinez,60,5513.04
952,John Sanchez,70,8235.12
953,Michael Hall,22,7652.43
954,Dustin Duarte,63,5277.03
955,Marilyn Snyder,73,2123.9
956,Lori Gonzalez,41,6179.33
957,Colleen Wilson,58,3297.24
958,Kim Jackson,74,6487.65
959,Michelle Deleon,40,4061.37
960,Andrea Stephens,56,786.54
961,Amanda Patel,24,4205.38
962,Heather Gutierrez,71,9774.6
963,Susan Smith,29,1573.89
964,Margaret Lopez,70,5885.6
965,Angel Vazquez,59,1518.48
966,Michael Wyatt,22,9201.78
967,Stephanie Griffin,34,5893.03
968,Melissa Johnson,42,471.7
969,Kelly Blake,77,4834.65
970,Patrick Fields,43,9287.79
971,Michael Mills,65,921.17
972,Dawn Carlson,76,7674.94
973,Kristin Gutierrez,50,9278.29
974,Kristen Rodriguez,75,5127.73
975,Karen Dunn,40,292.4
976,Clarence Johnson,44,1066.47
977,Michael Glover,75,1855.0
978,Dennis Graham,46,932.95
979,Edward Williams,43,3922.56
980,Rebecca Fox,46,7478.69
981,Cheryl Garrett,54,9926.59
982,Alexandra Gonzalez,30,816.9
983,Autumn Simpson,41,6375.24
984,Michael Cunningham,35,9401.77
985,Mrs. Joann Johnson,62,4481.8
986,Emily Thornton,67,4919.86
987,William Johnson,37,4134.93
988,Samantha Stuart,35,5322.77
989,Matthew Thompson PhD,24,3104.13
990,Victoria Anderson,68,8882.59
991,Carol Fowler,68,5833.04
992,Julie Stanley,34,2628.74
993,Kristina Jones,33,427.5
994,Teresa Stephenson,42,4419.1
995,Shannon Lane,38,6974.72
996,Stephanie Miller,25,8772.6
997,Amanda Medina,53,5785.52
998,Kelsey Stone,43,1791.36
999,Mary Russell,36,1109.1
1000,Kathryn Hoover,20,2977.93
